{"@5": {"F1": 0.33139839656112074, "P": 0.46280000000000004, "R": 0.2850270886044005}, "@10": {"F1": 0.4073001207556807, "P": 0.39969603174603174, "R": 0.47323299723663165}, "@15": {"F1": 0.41593221885527826, "P": 0.35158913863913865, "R": 0.5850593039319854}, "dataset": "data\\Inspec", "hyperparameters": {"beta": 0.2, "lambda1": 1, "lambda2": 0.9, "alpha": 0.5}}