{"@5": {"F1": 0.33124189245475494, "P": 0.4608, "R": 0.28603534324404906}, "@10": {"F1": 0.40239878449136846, "P": 0.3950960317460317, "R": 0.46749690779287967}, "@15": {"F1": 0.41545267430164673, "P": 0.3511891386391386, "R": 0.5836154083111714}, "dataset": ".\\data\\Inspec", "hyperparameters": {"beta": 0.2, "lambda1": 1, "lambda2": 0.9, "alpha": 0.8}}