{"@5": {"F1": 0.22678706664360324, "P": 0.318, "R": 0.19553285624913366}, "@10": {"F1": 0.2781695922334175, "P": 0.2728960317460318, "R": 0.32258396367458486}, "@15": {"F1": 0.30660351435956645, "P": 0.2574558053058053, "R": 0.43314081197975735}, "dataset": ".\\data\\Inspec", "hyperparameters": {"beta": 0.2, "lambda1": 1, "lambda2": 0.9, "alpha": 0.8}}