{"@5": {"F1": 0.17555244164673822, "P": 0.22537878787878785, "R": 0.14683103692843952}, "@10": {"F1": 0.18751241737373003, "P": 0.1699675324675325, "R": 0.21507222935794365}, "@15": {"F1": 0.19109329694802593, "P": 0.14908992522628883, "R": 0.2765533438423049}, "dataset": "data\\DUC2001", "hyperparameters": {"beta": 0.2, "lambda1": 1, "lambda2": 0.9, "alpha": 0.8}}