{"@5": {"F1": 0.2894736997753563, "P": 0.37083333333333335, "R": 0.2429318426883362}, "@10": {"F1": 0.3561055457258015, "P": 0.3202922077922078, "R": 0.4132073193761506}, "@15": {"F1": 0.36511453514578573, "P": 0.28220680834317197, "R": 0.5371348078328598}, "dataset": "data\\DUC2001", "hyperparameters": {"beta": 0.2, "lambda1": 1, "lambda2": 0.9, "alpha": 0.8}}