{"@5": {"F1": 0.2815254971842966, "P": 0.3610930735930736, "R": 0.23593711483321872}, "@10": {"F1": 0.34710805534019623, "P": 0.3118506493506493, "R": 0.4034935663182416}, "@15": {"F1": 0.3660478090053725, "P": 0.28285615899252264, "R": 0.5390288913827875}, "dataset": "data\\DUC2001", "hyperparameters": {"beta": 0.2, "lambda1": 1, "lambda2": 0.9, "alpha": 0.8}}