{"@5": {"F1": 0.12444173542888715, "P": 0.20800000000000002, "R": 0.0897668483477307}, 
"@10": {"F1": 0.19115949342419591, "P": 0.21000000000000005, "R": 0.17906765293529997}, 
"@15": {"F1": 0.22118802562102968, "P": 0.1993333333333333, "R": 0.2546139261065732}, 
"dataset": ".\\data\\SemEval2010", "hyperparameters": {"beta": 0.2, "lambda1": 1, "lambda2": 0.9, "alpha": 1.5}}