{"@5": {"F1": 0.08812129216386184, "P": 0.15, "R": 0.06288678396766632}, 
"@10": {"F1": 0.10704986742429534, "P": 0.11900000000000001, "R": 0.09865263331439802}, 
"@15": {"F1": 0.11445136250369842, "P": 0.10400000000000001, "R": 0.12943597497273968}, 
"dataset": ".\\data\\SemEval2010",
 "hyperparameters": {"beta": 0.2, "lambda1": 1, "lambda2": 0.9, "alpha": 1.5}}