{"@5": {"F1": 0.1286751666003988, "P": 0.21600000000000003, "R": 0.09268514247190715}, 
"@10": {"F1": 0.19049395589366985, "P": 0.209, "R": 0.17868911072587543}, 
"@15": {"F1": 0.21957922795447335, "P": 0.1973333333333333, "R": 0.25336734915411385}, 
"dataset": ".\\data\\SemEval2010", "hyperparameters": {"beta": 0.2, "lambda1": 1, "lambda2": 0.9, "alpha": 1.5}}